{"cameraMode":{"drawMode":0,"name":"Shaded","section":"Shading Mode"},"sceneLighting":true,"audioPlay":false,"sceneViewState":{"m_AlwaysRefresh":false,"showFog":true,"showSkybox":true,"showFlares":true,"showImageEffects":true,"showParticleSystems":true,"showVisualEffectGraphs":true,"m_FxEnabled":true},"in2DMode":false,"pivot":{"x":0.25193166732788088,"y":-37.76921844482422,"z":-12.95074462890625},"rotation":{"x":-0.0014298057649284602,"y":0.8481491208076477,"z":-0.5297518968582153,"w":-0.0022894053254276516},"size":49.99789047241211,"orthographic":false}