{"cameraMode":{"drawMode":0,"name":"Shaded","section":"Shading Mode"},"sceneLighting":true,"audioPlay":false,"sceneViewState":{"m_AlwaysRefresh":false,"showFog":true,"showSkybox":true,"showFlares":true,"showImageEffects":true,"showParticleSystems":true,"showVisualEffectGraphs":true,"m_FxEnabled":true},"in2DMode":false,"pivot":{"x":23.059856414794923,"y":3.120000123977661,"z":24.430492401123048},"rotation":{"x":0.37355196475982668,"y":0.07916350662708283,"z":-0.0320131853222847,"w":0.9236751198768616},"size":5.248645305633545,"orthographic":true}