{"cameraMode":{"drawMode":0,"name":"Shaded","section":"Shading Mode"},"sceneLighting":true,"audioPlay":false,"sceneViewState":{"m_AlwaysRefresh":false,"showFog":true,"showSkybox":true,"showFlares":true,"showImageEffects":true,"showParticleSystems":true,"showVisualEffectGraphs":true,"m_FxEnabled":true},"in2DMode":false,"pivot":{"x":399.61224365234377,"y":278.201416015625,"z":-2.08294677734375},"rotation":{"x":0.04070194065570831,"y":0.0688834935426712,"z":-0.0028104083612561228,"w":0.9967939257621765},"size":345.77020263671877,"orthographic":true}