{"cameraMode":{"drawMode":0,"name":"Shaded","section":"Shading Mode"},"sceneLighting":false,"audioPlay":false,"sceneViewState":{"m_AlwaysRefresh":false,"showFog":true,"showSkybox":false,"showFlares":true,"showImageEffects":true,"showParticleSystems":true,"showVisualEffectGraphs":true,"m_FxEnabled":true},"in2DMode":false,"pivot":{"x":7.9159650802612309,"y":1.1699999570846558,"z":5.914573669433594},"rotation":{"x":0.42033013701438906,"y":0.0027186465449631216,"z":-0.0012575506698340178,"w":0.907369077205658},"size":0.8660253882408142,"orthographic":false}